Time,Locus,NewAllele,RegionMembership,MutationRateClass
Time,Locus,FixedAllele,RegionMembership
1,262,1,1,1
1,107,1,0,0
2,115,1,0,0
3,149,1,0,0
4,194,1,0,0
4,89,1,0,0
5,229,1,1,1
5,154,1,0,0
6,339,1,1,1
6,359,1,1,1
6,301,1,1,1
6,181,1,0,0
7,283,1,1,1
7,169,1,0,0
8,235,1,1,1
8,359,1,1,1
8,282,1,1,1
8,81,1,0,0
10,294,1,1,1
10,232,1,1,1
11,181,1,0,0
13,9,1,0,0
13,344,1,1,1
13,331,1,1,1
15,394,1,1,1
15,122,1,0,0
16,45,1,0,0
16,292,1,1,1
17,125,1,0,0
17,362,1,1,1
17,267,1,1,1
18,2,1,0,0
18,109,1,0,0
19,262,1,1,1
21,146,1,0,0
21,172,1,0,0
21,164,1,0,0
22,210,1,1,1
23,209,1,1,1
23,213,1,1,1
26,349,1,1,1
27,244,1,1,1
27,113,1,0,0
28,139,1,0,0
30,49,1,0,0
30,296,1,1,1
31,86,1,0,0
31,329,1,1,1
32,125,1,0,0
33,307,1,1,1
34,351,1,1,1
35,318,1,1,1
36,313,1,1,1
36,125,1,0,0
37,226,1,1,1
37,41,1,0,0
37,271,1,1,1
38,391,1,1,1
39,91,1,0,0
40,0,1,0,0
41,65,1,0,0
41,76,1,0,0
43,298,1,1,1
44,31,1,0,0
46,204,1,1,1
47,206,1,1,1
48,93,1,0,0
49,397,1,1,1
49,289,1,1,1
50,188,1,0,0
51,137,1,0,0
51,303,1,1,1
51,292,1,1,1
52,73,1,0,0
52,200,1,1,1
52,265,1,1,1
53,222,1,1,1
54,105,1,0,0
55,187,1,0,0
55,384,1,1,1
57,0,1,0,0
57,27,1,0,0
57,145,1,0,0
57,113,1,0,0
57,146,1,0,0
58,379,1,1,1
59,321,1,1,1
59,288,1,1,1
60,127,1,0,0
60,79,1,0,0
61,120,1,0,0
61,127,1,0,0
62,396,1,1,1
62,330,1,1,1
64,379,1,1,1
64,142,1,0,0
64,5,1,0,0
64,130,1,0,0
65,265,1,1,1
66,365,1,1,1
66,355,1,1,1
67,79,1,0,0
68,199,1,0,0
68,289,1,1,1
68,233,1,1,1
68,374,1,1,1
68,125,1,0,0
69,0,1,0,0
69,121,1,0,0
69,197,1,0,0
70,91,1,0,0
70,56,1,0,0
71,232,1,1,1
71,327,1,1,1
74,30,1,0,0
74,48,1,0,0
75,210,1,1,1
76,396,1,1,1
77,274,1,1,1
77,89,1,0,0
78,201,1,1,1
78,285,1,1,1
78,347,1,1,1
78,137,1,0,0
78,112,1,0,0
79,313,1,1,1
80,239,1,1,1
81,265,1,1,1
81,52,1,0,0
83,375,1,1,1
83,233,1,1,1
84,43,1,0,0
84,358,1,1,1
85,149,1,0,0
85,86,1,0,0
85,331,1,1,1
85,78,1,0,0
86,216,1,1,1
87,318,1,1,1
90,297,1,1,1
91,290,1,1,1
91,124,1,0,0
92,204,1,1,1
92,75,1,0,0
93,74,1,0,0
94,396,1,1,1
94,392,1,1,1
95,93,1,0,0
95,19,1,0,0
95,227,1,1,1
96,208,1,1,1
96,119,1,0,0
96,83,1,0,0
96,389,1,1,1
97,389,1,1,1
97,271,1,1,1
97,249,1,1,1
97,333,1,1,1
98,327,1,1,1
98,112,1,0,0
98,385,1,1,1
99,271,1,1,1
100,204,1,1,1
101,168,1,0,0
101,115,1,0,0
102,97,1,0,0
103,340,1,1,1
103,180,1,0,0
104,223,1,1,1
104,380,1,1,1
104,341,1,1,1
104,148,1,0,0
105,137,1,0,0
106,57,1,0,0
108,2,1,0,0
111,287,1,1,1
112,218,1,1,1
112,371,1,1,1
112,254,1,1,1
113,389,1,1,1
115,54,1,0,0
115,385,1,1,1
116,0,1,0,0
116,326,1,1,1
116,21,1,0,0
117,158,1,0,0
117,242,1,1,1
118,8,1,0,0
119,101,1,0,0
120,34,1,0,0
120,229,1,1,1
122,292,1,1,1
123,203,1,1,1
125,94,1,0,0
126,340,1,1,1
126,46,1,0,0
127,112,1,0,0
129,112,1,0,0
129,386,1,1,1
129,221,1,1,1
130,284,1,1,1
130,184,1,0,0
130,296,0,1,1
131,62,1,0,0
133,382,1,1,1
133,159,1,0,0
133,120,1,0,0
134,191,1,0,0
135,179,1,0,0
136,32,1,0,0
136,360,1,1,1
137,185,1,0,0
138,367,1,1,1
138,46,1,0,0
138,372,1,1,1
139,206,1,1,1
140,86,1,0,0
141,365,1,1,1
141,295,1,1,1
142,10,1,0,0
144,226,1,1,1
144,219,1,1,1
145,320,1,1,1
145,252,1,1,1
145,201,1,1,1
145,243,1,1,1
146,63,1,0,0
146,215,1,1,1
146,383,1,1,1
147,358,1,1,1
147,75,1,0,0
148,101,1,0,0
148,268,1,1,1
149,76,1,0,0
150,88,1,0,0
154,24,1,0,0
155,154,1,0,0
156,223,1,1,1
156,182,1,0,0
156,141,1,0,0
157,300,1,1,1
157,190,1,0,0
158,335,1,1,1
158,159,1,0,0
159,216,1,1,1
159,168,1,0,0
160,276,1,1,1
161,307,1,1,1
161,209,1,1,1
161,72,1,0,0
162,47,1,0,0
162,276,1,1,1
163,371,1,1,1
164,344,1,1,1
164,82,1,0,0
165,375,1,1,1
165,339,1,1,1
165,380,1,1,1
165,21,1,0,0
165,25,1,0,0
166,212,1,1,1
166,354,1,1,1
167,345,1,1,1
168,190,1,0,0
168,187,1,0,0
169,134,1,0,0
169,303,1,1,1
171,329,1,1,1
171,63,1,0,0
172,254,1,1,1
172,115,1,0,0
173,237,1,1,1
173,144,1,0,0
174,358,1,1,1
175,29,1,0,0
175,319,1,1,1
175,323,1,1,1
176,297,1,1,1
178,266,1,1,1
178,133,1,0,0
178,80,1,0,0
179,127,1,0,0
180,358,1,1,1
180,224,1,1,1
180,32,1,0,0
181,188,1,0,0
182,184,1,0,0
182,166,1,0,0
183,155,1,0,0
183,73,1,0,0
184,292,1,1,1
184,272,1,1,1
187,181,1,0,0
187,293,1,1,1
187,153,1,0,0
188,94,1,0,0
188,200,1,1,1
188,317,1,1,1
189,28,1,0,0
189,255,1,1,1
190,147,1,0,0
191,310,1,1,1
191,256,1,1,1
193,270,1,1,1
193,367,1,1,1
194,120,1,0,0
194,39,1,0,0
195,260,1,1,1
195,31,1,0,0
195,283,1,1,1
197,335,1,1,1
197,1,1,0,0
198,295,1,1,1
198,127,1,0,0
200,205,1,1,1
200,122,1,0,0
200,169,1,0,0
200,396,1,1,1
201,271,1,1,1
202,239,1,1,1
202,112,1,0,0
203,119,1,0,0
203,380,1,1,1
204,368,1,1,1
208,111,1,0,0
209,372,1,1,1
209,158,1,0,0
209,91,1,0,0
210,135,1,0,0
211,191,1,0,0
212,9,1,0,0
212,144,1,0,0
212,138,1,0,0
213,240,1,1,1
214,35,1,0,0
214,393,1,1,1
214,317,1,1,1
215,93,1,0,0
216,55,1,0,0
216,368,1,1,1
217,109,1,0,0
218,317,1,1,1
219,51,1,0,0
219,132,1,0,0
223,236,1,1,1
224,242,1,1,1
224,1,1,0,0
224,155,1,0,0
225,13,1,0,0
225,397,1,1,1
226,324,1,1,1
227,17,1,0,0
229,167,1,0,0
230,299,1,1,1
230,307,1,1,1
230,278,1,1,1
230,308,1,1,1
231,54,1,0,0
231,247,1,1,1
231,30,1,0,0
233,378,1,1,1
233,169,1,0,0
234,86,1,0,0
235,119,1,0,0
236,195,1,0,0
236,71,1,0,0
236,26,1,0,0
239,131,1,0,0
239,40,1,0,0
240,79,1,0,0
241,143,1,0,0
241,355,1,1,1
241,313,1,1,1
242,303,1,1,1
244,154,1,0,0
245,73,1,0,0
245,242,1,1,1
245,107,1,0,0
246,257,1,1,1
248,237,1,1,1
249,287,1,1,1
249,251,1,1,1
250,292,1,1,1
250,100,1,0,0
251,347,1,1,1
251,74,1,0,0
252,350,1,1,1
252,110,1,0,0
253,12,1,0,0
253,191,1,0,0
253,357,1,1,1
254,393,1,1,1
254,36,1,0,0
255,319,1,1,1
256,24,1,0,0
257,306,1,1,1
258,364,1,1,1
259,362,1,1,1
259,41,1,0,0
260,115,1,0,0
260,276,1,1,1
261,398,1,1,1
261,381,1,1,1
262,318,1,1,1
263,34,1,0,0
263,41,1,0,0
264,24,1,0,0
264,324,1,1,1
265,312,1,1,1
265,27,1,0,0
266,3,1,0,0
266,256,1,1,1
267,287,1,1,1
267,97,1,0,0
268,278,1,1,1
268,271,1,1,1
268,86,1,0,0
270,162,1,0,0
270,50,1,0,0
271,340,1,1,1
271,255,1,1,1
272,332,1,1,1
272,164,1,0,0
272,89,1,0,0
272,311,1,1,1
274,197,1,0,0
274,255,1,1,1
274,392,1,1,1
275,291,1,1,1
275,388,1,1,1
275,154,1,0,0
276,83,1,0,0
277,397,1,1,1
277,319,1,1,1
278,366,1,1,1
282,247,1,1,1
282,398,1,1,1
283,383,1,1,1
283,123,1,0,0
283,326,1,1,1
284,10,1,0,0
284,250,1,1,1
285,74,1,0,0
286,345,1,1,1
286,259,1,1,1
286,9,1,0,0
286,204,1,1,1
287,267,1,1,1
287,338,1,1,1
287,30,1,0,0
289,394,1,1,1
289,370,1,1,1
290,182,1,0,0
290,298,1,1,1
290,195,1,0,0
291,130,1,0,0
292,208,1,1,1
292,139,1,0,0
293,390,1,1,1
294,323,1,1,1
295,337,1,1,1
295,133,1,0,0
295,60,1,0,0
295,316,1,1,1
296,181,1,0,0
296,384,1,1,1
296,63,1,0,0
298,59,1,0,0
298,336,1,1,1
298,75,1,0,0
299,175,1,0,0
300,247,1,1,1
300,102,1,0,0
300,16,1,0,0
301,293,1,1,1
301,225,1,1,1
301,390,1,1,1
302,89,1,0,0
302,311,1,1,1
303,108,1,0,0
303,53,1,0,0
303,82,1,0,0
303,184,1,0,0
304,166,1,0,0
304,284,1,1,1
304,193,1,0,0
305,157,1,0,0
305,221,1,1,1
306,306,1,1,1
307,202,1,1,1
307,153,1,0,0
307,177,1,0,0
308,32,1,0,0
309,335,1,1,1
309,237,1,1,1
312,238,1,1,1
312,190,1,0,0
313,73,1,0,0
314,8,1,0,0
314,351,1,1,1
314,153,1,0,0
315,249,1,1,1
315,254,1,1,1
317,190,1,0,0
318,147,1,0,0
318,395,1,1,1
318,238,1,1,1
318,284,1,1,1
319,231,1,1,1
319,172,1,0,0
319,26,1,0,0
320,253,1,1,1
321,66,1,0,0
322,346,1,1,1
322,309,1,1,1
323,328,1,1,1
323,272,1,1,1
323,95,1,0,0
324,311,1,1,1
324,362,1,1,1
324,299,1,1,1
325,78,1,0,0
325,298,1,1,1
325,286,1,1,1
326,151,1,0,0
326,268,1,1,1
327,107,1,0,0
328,175,1,0,0
329,173,1,0,0
329,74,1,0,0
330,183,1,0,0
331,197,1,0,0
331,336,1,1,1
332,202,1,1,1
332,322,1,1,1
333,395,1,1,1
334,342,1,1,1
336,274,1,1,1
337,71,1,0,0
337,88,1,0,0
337,142,1,0,0
337,370,1,1,1
338,46,1,0,0
339,15,1,0,0
339,184,1,0,0
339,249,1,1,1
340,381,1,1,1
341,59,1,0,0
341,91,1,0,0
341,181,1,0,0
342,62,1,0,0
343,66,1,0,0
344,18,1,0,0
344,108,1,0,0
345,235,1,1,1
346,326,1,1,1
348,365,1,1,1
348,15,1,0,0
348,185,1,0,0
348,140,1,0,0
349,160,1,0,0
349,63,1,0,0
352,276,1,1,1
353,86,1,0,0
354,301,1,1,1
356,25,1,0,0
357,82,1,0,0
358,189,1,0,0
358,239,1,1,1
358,123,1,0,0
359,88,1,0,0
359,317,1,1,1
360,41,1,0,0
360,17,1,0,0
361,334,1,1,1
361,59,1,0,0
361,148,1,0,0
361,245,1,1,1
361,102,1,0,0
364,365,1,1,1
365,327,1,1,1
365,229,1,1,1
365,301,1,1,1
366,211,1,1,1
368,206,1,1,1
368,99,1,0,0
368,330,1,1,1
369,176,1,0,0
370,208,1,1,1
373,263,1,1,1
373,274,1,1,1
374,365,1,1,1
374,214,1,1,1
375,348,1,1,1
375,246,1,1,1
376,210,1,1,1
376,252,1,1,1
376,203,1,1,1
377,365,1,1,1
377,29,1,0,0
377,149,1,0,0
378,11,1,0,0
380,362,1,1,1
380,134,1,0,0
381,294,1,1,1
382,145,1,0,0
382,56,1,0,0
383,182,1,0,0
384,252,1,1,1
385,115,1,0,0
385,347,1,1,1
386,131,1,0,0
387,203,1,1,1
387,8,1,0,0
387,212,1,1,1
388,196,1,0,0
388,112,1,0,0
389,355,1,1,1
389,167,1,0,0
390,33,1,0,0
391,267,1,1,1
392,243,1,1,1
392,247,1,1,1
393,87,1,0,0
393,50,1,0,0
394,17,1,0,0
394,117,1,0,0
395,306,1,1,1
396,244,1,1,1
397,179,1,0,0
397,17,1,0,0
397,138,1,0,0
397,30,1,0,0
397,175,1,0,0
397,107,1,0,0
398,343,1,1,1
398,16,1,0,0
399,15,1,0,0
399,300,1,1,1
399,149,1,0,0
399,88,1,0,0
400,101,1,0,0
400,396,1,1,1
401,100,1,0,0
402,358,1,1,1
402,357,1,1,1
404,312,1,1,1
404,275,1,1,1
404,282,1,1,1
405,325,1,1,1
406,395,1,1,1
406,147,1,0,0
407,75,1,0,0
407,155,1,0,0
408,184,1,0,0
408,225,1,1,1
408,151,1,0,0
408,139,1,0,0
409,367,1,1,1
409,148,1,0,0
411,65,1,0,0
411,214,1,1,1
411,271,1,1,1
412,96,1,0,0
413,90,1,0,0
413,259,1,1,1
414,352,1,1,1
414,322,1,1,1
415,325,1,1,1
415,216,1,1,1
415,90,1,0,0
416,87,1,0,0
416,111,1,0,0
416,311,1,1,1
417,175,1,0,0
417,287,1,1,1
418,372,1,1,1
418,315,1,1,1
418,395,1,1,1
419,165,1,0,0
420,44,1,0,0
421,388,1,1,1
421,41,1,0,0
424,272,1,1,1
426,269,1,1,1
426,332,1,1,1
426,384,1,1,1
427,70,1,0,0
427,265,1,1,1
427,12,1,0,0
427,384,1,1,1
429,250,1,1,1
429,341,1,1,1
431,57,1,0,0
431,301,1,1,1
433,224,1,1,1
434,351,1,1,1
436,235,1,1,1
436,322,1,1,1
437,46,1,0,0
439,357,1,1,1
441,203,1,1,1
441,206,1,1,1
443,371,1,1,1
444,164,1,0,0
444,209,1,1,1
445,132,1,0,0
445,134,1,0,0
445,302,1,1,1
446,161,1,0,0
447,143,1,0,0
448,384,1,1,1
448,372,1,1,1
449,175,1,0,0
449,319,1,1,1
451,150,1,0,0
452,392,1,1,1
453,63,1,0,0
453,367,1,1,1
453,301,1,1,1
454,259,1,1,1
455,133,1,0,0
455,268,1,1,1
455,224,1,1,1
457,322,1,1,1
457,359,1,1,1
458,390,1,1,1
459,68,1,0,0
459,172,1,0,0
459,262,1,1,1
459,17,1,0,0
460,3,1,0,0
460,47,1,0,0
460,23,1,0,0
460,279,1,1,1
461,326,1,1,1
462,252,1,1,1
462,29,1,0,0
462,26,1,0,0
463,36,1,0,0
463,356,1,1,1
464,20,1,0,0
464,265,1,1,1
465,328,1,1,1
465,232,1,1,1
465,200,1,1,1
466,88,1,0,0
467,342,1,1,1
468,388,1,1,1
468,75,1,0,0
468,259,1,1,1
469,247,1,1,1
471,16,1,0,0
471,192,1,0,0
473,203,1,1,1
474,150,1,0,0
476,197,1,0,0
478,264,1,1,1
478,167,1,0,0
478,185,1,0,0
479,349,1,1,1
480,62,1,0,0
481,278,1,1,1
481,157,1,0,0
482,20,1,0,0
482,349,1,1,1
482,143,1,0,0
482,144,1,0,0
484,82,1,0,0
484,286,1,1,1
486,312,1,1,1
486,118,1,0,0
486,231,1,1,1
488,78,1,0,0
489,218,1,1,1
490,190,1,0,0
490,378,1,1,1
491,18,1,0,0
491,227,1,1,1
491,158,1,0,0
493,56,1,0,0
493,138,1,0,0
493,293,1,1,1
494,390,1,1,1
495,142,1,0,0
496,212,1,1,1
497,256,1,1,1
497,84,1,0,0
497,378,1,1,1
497,156,1,0,0
498,276,1,1,1
498,71,1,0,0
499,235,1,1,1
501,137,1,0,0
501,328,1,1,1
502,197,1,0,0
503,251,1,1,1
504,59,1,0,0
504,40,1,0,0
505,336,1,1,1
505,280,1,1,1
505,52,1,0,0
507,251,1,1,1
507,53,1,0,0
507,299,1,1,1
509,234,1,1,1
510,287,1,1,1
510,260,1,1,1
511,149,1,0,0
511,127,1,0,0
511,95,1,0,0
512,169,1,0,0
512,292,1,1,1
512,76,1,0,0
513,200,1,1,1
513,90,1,0,0
513,344,1,1,1
516,253,1,1,1
516,72,1,0,0
516,370,1,1,1
516,91,1,0,0
516,170,1,0,0
516,249,1,1,1
516,176,1,0,0
517,118,1,0,0
520,148,1,0,0
520,134,1,0,0
522,125,1,0,0
523,135,1,0,0
523,38,1,0,0
524,344,1,1,1
524,290,1,1,1
524,13,1,0,0
524,3,1,0,0
525,244,1,1,1
525,158,1,0,0
525,292,1,1,1
525,218,1,1,1
525,396,1,1,1
527,40,1,0,0
527,191,1,0,0
527,181,1,0,0
528,20,1,0,0
528,4,1,0,0
529,51,1,0,0
530,6,1,0,0
531,267,1,1,1
532,163,1,0,0
532,26,1,0,0
532,110,1,0,0
533,334,1,1,1
533,168,1,0,0
534,255,1,1,1
536,328,1,1,1
536,39,1,0,0
537,111,1,0,0
539,146,1,0,0
539,75,1,0,0
540,23,1,0,0
541,247,1,1,1
543,183,1,0,0
543,200,1,1,1
543,245,1,1,1
546,50,1,0,0
546,338,1,1,1
547,269,1,1,1
547,200,1,1,1
548,227,1,1,1
549,142,1,0,0
549,42,1,0,0
549,177,1,0,0
551,263,1,1,1
551,23,1,0,0
551,110,1,0,0
554,59,1,0,0
555,215,1,1,1
556,367,1,1,1
556,341,1,1,1
557,312,1,1,1
557,239,1,1,1
558,67,1,0,0
558,235,1,1,1
558,173,1,0,0
558,81,1,0,0
559,54,1,0,0
560,131,1,0,0
560,25,1,0,0
561,17,1,0,0
561,126,1,0,0
562,379,1,1,1
563,338,1,1,1
566,98,1,0,0
567,84,1,0,0
567,65,1,0,0
567,383,1,1,1
567,64,1,0,0
569,46,1,0,0
569,237,1,1,1
569,352,1,1,1
570,149,1,0,0
570,298,1,1,1
570,364,1,1,1
571,175,1,0,0
571,38,1,0,0
572,48,1,0,0
572,186,1,0,0
572,211,1,1,1
575,176,1,0,0
576,299,1,1,1
577,373,1,1,1
577,163,1,0,0
578,229,1,1,1
579,28,1,0,0
580,112,1,0,0
582,303,1,1,1
583,342,1,1,1
583,384,1,1,1
583,60,1,0,0
583,74,1,0,0
583,359,1,1,1
584,169,1,0,0
584,277,1,1,1
584,345,1,1,1
584,373,1,1,1
586,381,1,1,1
586,144,1,0,0
587,296,1,1,1
587,70,1,0,0
589,43,1,0,0
590,219,1,1,1
590,283,1,1,1
590,105,1,0,0
591,104,1,0,0
591,370,1,1,1
593,111,1,0,0
594,386,1,1,1
595,375,1,1,1
595,370,1,1,1
597,273,1,1,1
598,396,1,1,1
598,43,1,0,0
598,378,1,1,1
599,294,1,1,1
600,366,1,1,1
602,128,1,0,0
602,319,1,1,1
603,99,1,0,0
603,373,1,1,1
603,283,1,1,1
605,144,1,0,0
605,233,1,1,1
605,173,1,0,0
605,311,1,1,1
606,134,1,0,0
607,190,1,0,0
607,335,1,1,1
608,37,1,0,0
608,97,1,0,0
610,78,1,0,0
610,7,1,0,0
611,375,1,1,1
611,16,1,0,0
611,132,1,0,0
612,136,1,0,0
612,257,1,1,1
613,285,1,1,1
613,119,1,0,0
614,121,1,0,0
614,74,1,0,0
614,247,1,1,1
614,232,1,1,1
614,36,1,0,0
615,379,1,1,1
615,100,1,0,0
616,280,1,1,1
616,158,1,0,0
617,106,1,0,0
617,52,1,0,0
618,295,1,1,1
618,284,1,1,1
620,356,1,1,1
620,155,1,0,0
621,341,1,1,1
621,330,1,1,1
622,175,1,0,0
622,274,1,1,1
622,294,1,1,1
622,87,1,0,0
624,367,1,1,1
624,335,1,1,1
625,370,1,1,1
626,97,1,0,0
626,389,1,1,1
627,219,1,1,1
627,24,1,0,0
627,134,1,0,0
628,110,1,0,0
628,203,1,1,1
629,80,1,0,0
629,344,1,1,1
630,242,1,1,1
631,284,1,1,1
632,271,1,1,1
632,383,1,1,1
634,309,1,1,1
634,226,1,1,1
634,365,1,1,1
638,329,1,1,1
641,48,1,0,0
642,119,1,0,0
642,87,1,0,0
642,335,1,1,1
643,315,1,1,1
643,397,1,1,1
644,96,1,0,0
646,288,1,1,1
646,37,1,0,0
646,146,1,0,0
647,223,1,1,1
648,368,1,1,1
649,344,1,1,1
649,135,1,0,0
649,232,1,1,1
650,371,1,1,1
652,359,1,1,1
653,200,1,1,1
653,52,1,0,0
654,82,1,0,0
654,177,1,0,0
655,398,1,1,1
656,194,1,0,0
656,50,1,0,0
656,326,1,1,1
656,265,1,1,1
657,18,1,0,0
658,190,1,0,0
659,161,1,0,0
660,354,1,1,1
660,395,1,1,1
661,253,1,1,1
661,276,1,1,1
661,274,1,1,1
662,87,1,0,0
663,244,1,1,1
667,140,1,0,0
667,46,1,0,0
668,390,1,1,1
669,32,1,0,0
669,315,1,1,1
671,203,1,1,1
673,5,1,0,0
674,267,1,1,1
674,97,1,0,0
674,118,1,0,0
674,274,1,1,1
675,355,1,1,1
675,228,1,1,1
675,232,1,1,1
675,276,1,1,1
676,178,1,0,0
676,13,1,0,0
677,20,1,0,0
678,131,1,0,0
678,137,1,0,0
679,269,1,1,1
679,92,1,0,0
679,371,1,1,1
682,387,1,1,1
682,348,1,1,1
683,100,1,0,0
683,90,1,0,0
683,1,1,0,0
684,204,1,1,1
685,141,1,0,0
686,363,1,1,1
687,100,1,0,0
688,349,1,1,1
688,169,1,0,0
688,144,1,0,0
688,344,1,1,1
689,163,1,0,0
690,275,1,1,1
690,51,1,0,0
691,229,1,1,1
692,258,1,1,1
693,49,1,0,0
693,119,1,0,0
694,1,1,0,0
695,168,1,0,0
695,145,1,0,0
697,205,1,1,1
698,7,1,0,0
698,95,1,0,0
699,120,1,0,0
700,339,1,1,1
700,265,1,1,1
701,74,1,0,0
704,147,1,0,0
705,163,1,0,0
706,203,1,1,1
706,271,1,1,1
708,66,1,0,0
708,365,1,1,1
708,159,1,0,0
708,289,1,1,1
709,96,1,0,0
710,20,1,0,0
710,264,1,1,1
710,10,1,0,0
710,197,1,0,0
710,270,1,1,1
711,264,1,1,1
711,399,1,1,1
712,262,1,1,1
712,341,1,1,1
713,397,1,1,1
714,80,1,0,0
714,209,1,1,1
715,90,1,0,0
717,373,1,1,1
718,103,1,0,0
719,143,1,0,0
722,152,1,0,0
722,152,1,0,0
724,54,1,0,0
724,360,1,1,1
725,359,1,1,1
726,254,1,1,1
726,96,1,0,0
726,79,1,0,0
726,374,1,1,1
727,110,1,0,0
727,182,1,0,0
728,229,1,1,1
728,304,1,1,1
729,129,1,0,0
730,271,1,1,1
730,322,1,1,1
730,44,1,0,0
731,98,1,0,0
732,49,1,0,0
734,394,1,1,1
734,193,1,0,0
737,10,1,0,0
737,344,1,1,1
737,146,1,0,0
737,184,1,0,0
738,84,1,0,0
738,319,1,1,1
738,358,1,1,1
738,95,1,0,0
739,273,1,1,1
739,270,1,1,1
740,293,1,1,1
740,110,1,0,0
740,1,1,0,0
741,387,1,1,1
742,315,1,1,1
743,298,1,1,1
744,300,1,1,1
744,296,1,1,1
744,187,1,0,0
745,62,1,0,0
745,299,1,1,1
745,306,1,1,1
746,155,1,0,0
746,134,1,0,0
747,175,1,0,0
747,91,1,0,0
747,172,1,0,0
747,211,1,1,1
747,323,1,1,1
748,157,1,0,0
748,177,1,0,0
749,10,1,0,0
749,242,1,1,1
750,330,1,1,1
750,374,1,1,1
751,300,1,1,1
751,366,1,1,1
753,397,1,1,1
753,352,1,1,1
753,267,1,1,1
754,373,1,1,1
754,195,1,0,0
754,315,1,1,1
756,100,1,0,0
757,225,1,1,1
758,8,1,0,0
759,340,1,1,1
760,31,1,0,0
760,17,1,0,0
761,107,1,0,0
761,120,1,0,0
763,364,1,1,1
763,36,1,0,0
764,372,1,1,1
764,124,1,0,0
764,95,1,0,0
764,344,1,1,1
765,213,1,1,1
765,276,1,1,1
765,182,1,0,0
765,224,1,1,1
766,341,1,1,1
766,166,1,0,0
767,351,1,1,1
768,52,1,0,0
768,325,1,1,1
768,316,1,1,1
770,198,1,0,0
770,52,1,0,0
772,357,1,1,1
772,384,1,1,1
772,377,1,1,1
773,127,1,0,0
773,26,1,0,0
777,10,1,0,0
778,110,1,0,0
779,337,1,1,1
780,50,1,0,0
780,374,1,1,1
781,176,1,0,0
781,352,1,1,1
781,254,1,1,1
783,393,1,1,1
784,223,1,1,1
784,162,1,0,0
786,362,1,1,1
786,73,1,0,0
786,242,1,1,1
788,326,1,1,1
788,230,1,1,1
789,372,1,1,1
789,375,1,1,1
790,23,1,0,0
792,124,1,0,0
793,102,1,0,0
794,124,1,0,0
794,248,1,1,1
794,320,1,1,1
794,215,1,1,1
795,141,1,0,0
796,78,1,0,0
796,307,1,1,1
796,196,1,0,0
797,294,1,1,1
798,82,1,0,0
798,382,1,1,1
799,3,1,0,0
799,389,1,1,1
800,245,1,1,1
800,121,1,0,0
801,326,1,1,1
801,144,1,0,0
803,302,1,1,1
803,371,1,1,1
803,390,1,1,1
803,152,1,0,0
805,337,1,1,1
805,268,1,1,1
805,250,1,1,1
807,183,1,0,0
809,146,1,0,0
809,397,1,1,1
809,259,1,1,1
810,6,1,0,0
810,374,1,1,1
811,319,1,1,1
811,88,1,0,0
812,385,1,1,1
812,96,1,0,0
812,44,1,0,0
812,77,1,0,0
812,374,1,1,1
813,98,1,0,0
817,93,1,0,0
817,16,1,0,0
818,129,1,0,0
818,256,1,1,1
819,104,1,0,0
819,48,1,0,0
819,85,1,0,0
820,175,1,0,0
821,29,1,0,0
821,121,1,0,0
822,96,1,0,0
822,91,1,0,0
822,313,1,1,1
822,385,1,1,1
823,79,1,0,0
824,264,1,1,1
824,228,1,1,1
825,340,1,1,1
826,375,1,1,1
826,66,1,0,0
826,258,1,1,1
827,1,1,0,0
827,160,1,0,0
828,13,1,0,0
828,351,1,1,1
829,247,1,1,1
830,133,1,0,0
830,30,1,0,0
830,4,1,0,0
832,88,1,0,0
832,368,1,1,1
834,53,1,0,0
834,344,1,1,1
835,159,1,0,0
836,184,1,0,0
836,241,1,1,1
836,317,1,1,1
837,144,1,0,0
837,217,1,1,1
837,167,1,0,0
837,290,1,1,1
838,88,1,0,0
839,199,1,0,0
839,34,1,0,0
839,173,1,0,0
840,307,1,1,1
840,156,1,0,0
841,225,1,1,1
842,194,1,0,0
842,24,1,0,0
843,224,1,1,1
844,59,1,0,0
844,267,1,1,1
845,254,1,1,1
845,354,1,1,1
845,331,1,1,1
847,119,1,0,0
848,395,1,1,1
848,395,1,1,1
849,139,1,0,0
849,3,1,0,0
850,33,1,0,0
851,72,1,0,0
851,27,1,0,0
851,210,1,1,1
851,278,1,1,1
851,227,1,1,1
852,82,1,0,0
852,180,1,0,0
852,150,1,0,0
853,42,1,0,0
854,141,1,0,0
854,175,1,0,0
854,282,1,1,1
857,274,1,1,1
857,344,1,1,1
858,353,1,1,1
858,278,1,1,1
859,27,1,0,0
859,266,1,1,1
859,34,1,0,0
860,322,1,1,1
860,9,1,0,0
861,150,1,0,0
862,78,1,0,0
862,116,1,0,0
863,315,1,1,1
863,381,1,1,1
863,267,1,1,1
863,208,1,1,1
864,327,1,1,1
866,390,1,1,1
867,102,1,0,0
867,286,1,1,1
867,119,1,0,0
868,29,1,0,0
868,226,1,1,1
868,125,1,0,0
870,14,1,0,0
870,266,1,1,1
870,295,1,1,1
871,180,1,0,0
871,256,1,1,1
871,376,1,1,1
873,310,1,1,1
873,335,1,1,1
873,355,1,1,1
874,172,1,0,0
874,333,1,1,1
874,326,1,1,1
874,75,1,0,0
875,12,1,0,0
875,113,1,0,0
876,133,1,0,0
876,169,1,0,0
876,129,1,0,0
878,120,1,0,0
878,357,1,1,1
879,86,1,0,0
879,362,1,1,1
880,9,1,0,0
882,284,1,1,1
883,238,1,1,1
883,255,1,1,1
884,328,1,1,1
885,189,1,0,0
885,90,1,0,0
885,259,1,1,1
887,128,1,0,0
889,310,1,1,1
890,379,1,1,1
890,127,1,0,0
891,303,1,1,1
891,265,1,1,1
891,224,1,1,1
892,110,1,0,0
893,294,1,1,1
893,193,1,0,0
894,375,1,1,1
894,93,1,0,0
895,17,1,0,0
897,141,1,0,0
898,186,1,0,0
899,49,1,0,0
899,8,1,0,0
899,281,1,1,1
899,209,1,1,1
900,267,1,1,1
901,156,1,0,0
901,350,1,1,1
904,179,1,0,0
904,361,1,1,1
904,288,1,1,1
905,248,1,1,1
905,295,1,1,1
906,269,1,1,1
907,206,1,1,1
907,244,1,1,1
907,261,1,1,1
908,365,1,1,1
908,78,1,0,0
908,314,1,1,1
908,190,1,0,0
909,90,1,0,0
910,166,1,0,0
910,146,1,0,0
910,100,1,0,0
910,347,1,1,1
910,24,1,0,0
911,313,1,1,1
911,267,1,1,1
914,317,1,1,1
914,379,1,1,1
914,24,1,0,0
915,64,1,0,0
915,73,1,0,0
915,62,1,0,0
917,187,1,0,0
917,329,1,1,1
918,389,1,1,1
920,294,1,1,1
920,119,1,0,0
920,314,1,1,1
921,304,1,1,1
921,155,1,0,0
922,15,1,0,0
922,178,1,0,0
922,296,1,1,1
923,123,1,0,0
923,214,1,1,1
923,96,1,0,0
923,247,1,1,1
924,373,1,1,1
924,377,1,1,1
925,307,1,1,1
925,288,1,1,1
925,122,1,0,0
926,329,1,1,1
927,393,1,1,1
927,76,1,0,0
928,311,1,1,1
929,204,1,1,1
930,132,1,0,0
930,195,1,0,0
930,160,1,0,0
930,137,1,0,0
931,371,1,1,1
932,191,1,0,0
932,99,1,0,0
932,125,1,0,0
935,86,1,0,0
936,113,1,0,0
937,82,1,0,0
937,189,1,0,0
937,268,1,1,1
937,296,1,1,1
938,346,1,1,1
938,340,1,1,1
939,125,1,0,0
939,256,1,1,1
940,35,1,0,0
941,137,1,0,0
942,226,1,1,1
943,230,1,1,1
943,334,1,1,1
943,302,1,1,1
945,233,1,1,1
946,173,1,0,0
948,203,1,1,1
949,173,1,0,0
950,234,1,1,1
951,352,1,1,1
952,310,1,1,1
952,233,1,1,1
954,256,1,1,1
955,276,1,1,1
955,318,1,1,1
955,143,1,0,0
956,207,1,1,1
956,34,1,0,0
956,329,1,1,1
956,310,1,1,1
957,361,1,1,1
958,170,1,0,0
958,273,1,1,1
958,360,1,1,1
958,28,1,0,0
958,353,1,1,1
959,31,1,0,0
959,0,1,0,0
960,248,1,1,1
960,391,1,1,1
960,222,1,1,1
961,18,1,0,0
962,60,1,0,0
962,166,1,0,0
963,22,1,0,0
964,55,1,0,0
964,284,1,1,1
965,331,1,1,1
965,202,1,1,1
965,371,1,1,1
967,94,1,0,0
967,43,1,0,0
968,361,1,1,1
968,392,1,1,1
969,375,1,1,1
969,275,1,1,1
970,98,1,0,0
971,362,1,1,1
971,151,1,0,0
972,175,1,0,0
972,137,1,0,0
974,48,1,0,0
974,27,1,0,0
974,398,1,1,1
974,271,1,1,1
975,154,1,0,0
975,365,1,1,1
976,388,1,1,1
976,336,1,1,1
977,348,1,1,1
977,270,1,1,1
979,225,1,1,1
980,265,1,1,1
980,251,1,1,1
980,209,1,1,1
981,246,1,1,1
981,234,1,1,1
984,253,1,1,1
985,328,1,1,1
985,92,1,0,0
985,106,1,0,0
988,298,1,1,1
988,302,1,1,1
989,344,1,1,1
989,69,1,0,0
990,61,1,0,0
990,127,1,0,0
991,236,1,1,1
993,152,1,0,0
993,175,1,0,0
993,279,1,1,1
993,398,1,1,1
993,225,1,1,1
993,49,1,0,0
994,69,1,0,0
994,116,1,0,0
994,133,1,0,0
995,204,1,1,1
995,312,1,1,1
997,96,1,0,0
997,81,1,0,0
998,120,1,0,0
999,352,1,1,1
1000,339,1,1,1
1000,105,1,0,0
1000,32,1,0,0
1000,231,1,1,1
